{"cameraMode":{"drawMode":0,"name":"Shaded","section":"Shading Mode"},"sceneLighting":false,"audioPlay":false,"sceneViewState":{"m_AlwaysRefresh":false,"showFog":true,"showSkybox":false,"showFlares":true,"showImageEffects":true,"showParticleSystems":true,"showVisualEffectGraphs":true,"m_FxEnabled":true},"in2DMode":false,"pivot":{"x":13.347742080688477,"y":2.245922565460205,"z":-21.970426559448243},"rotation":{"x":0.000870957039296627,"y":0.9978356957435608,"z":0.06444955617189408,"w":-0.013472655788064003},"size":0.80717933177948,"orthographic":false}