{"cameraMode":{"drawMode":0,"name":"Shaded","section":"Shading Mode"},"sceneLighting":true,"audioPlay":false,"sceneViewState":{"m_AlwaysRefresh":false,"showFog":true,"showSkybox":false,"showFlares":true,"showImageEffects":true,"showParticleSystems":true,"showVisualEffectGraphs":true,"m_FxEnabled":true},"in2DMode":false,"pivot":{"x":0.008267760276794434,"y":0.13141381740570069,"z":0.7971655130386353},"rotation":{"x":-0.0020350534468889238,"y":0.7347466349601746,"z":-0.002204215619713068,"w":-0.6783373951911926},"size":0.6394912600517273,"orthographic":false}