{"cameraMode":{"drawMode":0,"name":"Shaded","section":"Shading Mode"},"sceneLighting":false,"audioPlay":false,"sceneViewState":{"m_AlwaysRefresh":false,"showFog":true,"showSkybox":true,"showFlares":true,"showImageEffects":true,"showParticleSystems":true,"showVisualEffectGraphs":true,"m_FxEnabled":true},"in2DMode":false,"pivot":{"x":12.665904998779297,"y":0.5119624733924866,"z":9.32843017578125},"rotation":{"x":-0.14423881471157075,"y":-0.10045580565929413,"z":0.014720505103468895,"w":-0.9843295216560364},"size":3.8064019680023195,"orthographic":false}