{"cameraMode":{"drawMode":0,"name":"Shaded","section":"Shading Mode"},"sceneLighting":true,"audioPlay":false,"sceneViewState":{"m_AlwaysRefresh":false,"showFog":true,"showSkybox":false,"showFlares":true,"showImageEffects":true,"showParticleSystems":true,"showVisualEffectGraphs":true,"m_FxEnabled":true},"in2DMode":false,"pivot":{"x":-0.044833481311798099,"y":0.06876371800899506,"z":0.7343271374702454},"rotation":{"x":-0.03993713855743408,"y":0.1644100844860077,"z":-0.00666234502568841,"w":-0.9855630993843079},"size":0.2323238104581833,"orthographic":false}