{"cameraMode":{"drawMode":0,"name":"Shaded","section":"Shading Mode"},"sceneLighting":false,"audioPlay":false,"sceneViewState":{"m_AlwaysRefresh":false,"showFog":true,"showSkybox":false,"showFlares":true,"showImageEffects":true,"showParticleSystems":true,"showVisualEffectGraphs":true,"m_FxEnabled":true},"in2DMode":false,"pivot":{"x":0.13658282160758973,"y":1.7562799453735352,"z":-0.6695435047149658},"rotation":{"x":-0.0000061345076574070848,"y":0.9998177886009216,"z":-0.0003096921427641064,"w":-0.019198700785636903},"size":1.6948916912078858,"orthographic":false}